Number;Grass
2190_002 (1).jpg;2
2190_002 (2).jpg;5
2190_002 (3).jpg;0
2190_002 (4).jpg;5
2190_002 (5).jpg;15
2190_002 (6).jpg;2
2190_002 (7).jpg;2
2190_002 (8).jpg;25
2190_002 (9).jpg;30
2190_002 (10).jpg;8
2190_002 (11).jpg;0
2190_002 (12).jpg;0
2190_002 (13).jpg;0
2190_002 (14).jpg;5
2190_002 (15).jpg;10
2190_002 (16).jpg;8
2190_002 (17).jpg;1
2190_002 (18).jpg;10
2190_002 (19).jpg;8
2190_002 (20).jpg;1
2190_002 (21).jpg;3
2190_002 (22).jpg;0
2190_002 (23).jpg;1
2190_002 (24).jpg;0
2190_002 (25).jpg;0
2190_002 (26).jpg;2
2190_002 (27).jpg;6
2190_002 (28).jpg;7
2190_002 (29).jpg;7
2190_002 (30).jpg;0
2190_002 (31).jpg;1
2190_002 (32).jpg;0
2190_002 (33).jpg;0
2190_002 (34).jpg;0
2190_002 (35).jpg;1
2190_002 (36).jpg;0
2190_002 (37).jpg;2
2190_002 (38).jpg;1
2190_002 (39).jpg;0
2190_002 (40).jpg;0
2190_002 (41).jpg;0
2190_002 (42).jpg;3
2190_002 (43).jpg;2
2190_002 (44).jpg;0
2190_002 (45).jpg;0
2190_002 (46).jpg;0
2190_002 (47).jpg;0
2190_002 (48).jpg;3
2190_002 (49).jpg;2
2190_002 (50).jpg;7
2190_002 (51).jpg;5
2190_002 (52).jpg;5
2190_002 (53).jpg;0
2190_002 (54).jpg;0
2190_002 (55).jpg;0
2190_002 (56).jpg;1
2190_002 (57).jpg;3
2190_002 (58).jpg;3
2190_002 (59).jpg;0
2190_002 (60).jpg;3
2190_002 (61).jpg;10
2190_002 (62).jpg;8
2190_002 (63).jpg;0
2190_002 (64).jpg;0
2190_002 (65).jpg;0
2190_002 (66).jpg;2
2190_002 (67).jpg;0
2190_002 (68).jpg;0
2190_002 (69).jpg;2
2190_002 (70).jpg;0
2190_002 (71).jpg;3
2190_002 (72).jpg;0
2190_002 (73).jpg;2
2190_002 (74).jpg;3
2190_002 (75).jpg;0
2190_002 (76).jpg;3
2190_002 (77).jpg;1
2190_002 (78).jpg;3
2190_002 (79).jpg;0
2190_002 (80).jpg;0
2190_002 (81).jpg;0
2190_002 (82).jpg;0
2190_002 (83).jpg;5
2190_002 (84).jpg;2
2190_002 (85).jpg;0
2190_002 (86).jpg;1
2190_002 (87).jpg;3
2190_002 (88).jpg;0
2190_002 (89).jpg;0
2190_002 (90).jpg;15
2190_002 (91).jpg;0
2190_002 (92).jpg;3
2190_002 (93).jpg;3
2190_002 (94).jpg;1
2190_002 (95).jpg;0
2190_002 (96).jpg;0
2190_002 (97).jpg;0
2190_002 (98).jpg;0
2190_002 (99).jpg;0
2190_002 (100).jpg;15
2193_001 (1).jpg;90
2193_001 (2).jpg;80
2193_001 (3).jpg;60
2193_001 (4).jpg;70
2193_001 (5).jpg;60
2193_001 (6).jpg;50
2193_001 (7).jpg;55
2193_001 (8).jpg;60
2193_001 (9).jpg;40
2193_001 (10).jpg;45
2193_001 (11).jpg;75
2193_001 (12).jpg;85
2193_001 (13).jpg;65
2193_001 (14).jpg;80
2193_001 (15).jpg;20
2193_001 (16).jpg;24
2193_001 (17).jpg;30
2193_001 (18).jpg;60
2193_001 (19).jpg;60
2193_001 (20).jpg;65
2193_001 (21).jpg;70
2193_001 (22).jpg;12
2193_001 (23).jpg;50
2193_001 (24).jpg;55
2193_001 (25).jpg;30
2193_001 (26).jpg;40
2193_001 (27).jpg;15
2193_001 (28).jpg;40
2193_001 (29).jpg;60
2193_001 (30).jpg;40
2193_001 (31).jpg;25
2193_001 (32).jpg;60
2193_001 (33).jpg;30
2193_001 (34).jpg;20
2193_001 (35).jpg;35
2193_001 (36).jpg;40
2193_001 (37).jpg;70
2193_001 (38).jpg;30
2193_001 (39).jpg;55
2193_001 (40).jpg;65
2193_001 (41).jpg;20
2193_001 (42).jpg;10
2193_001 (43).jpg;30
2193_001 (44).jpg;35
2193_001 (45).jpg;50
2193_001 (46).jpg;85
2193_001 (47).jpg;73
2193_001 (48).jpg;95
2193_001 (49).jpg;85
2193_001 (50).jpg;35
2193_001 (51).jpg;30
2193_001 (52).jpg;20
2193_001 (53).jpg;30
2193_001 (54).jpg;35
2193_001 (55).jpg;90
2193_001 (56).jpg;90
2193_001 (57).jpg;60
2193_001 (58).jpg;80
2193_001 (59).jpg;95
2193_001 (60).jpg;45
2193_001 (61).jpg;20
2193_001 (62).jpg;14
2193_001 (63).jpg;25
2193_001 (64).jpg;28
2193_001 (65).jpg;70
2193_001 (66).jpg;55
2193_001 (67).jpg;50
2193_001 (68).jpg;65
2193_001 (69).jpg;90
2193_001 (70).jpg;50
2193_001 (71).jpg;70
2193_001 (72).jpg;70
2193_001 (73).jpg;30
2193_001 (74).jpg;15
2193_001 (75).jpg;25
2193_001 (76).jpg;38
2193_001 (77).jpg;77
2193_001 (78).jpg;90
2193_001 (79).jpg;75
2193_001 (80).jpg;60
2193_001 (81).jpg;50
2193_001 (82).jpg;60
2193_001 (83).jpg;30
2193_001 (84).jpg;45
2193_001 (85).jpg;50
2193_001 (86).jpg;65
2193_001 (87).jpg;87
2193_001 (88).jpg;70
2193_001 (89).jpg;30
2193_001 (90).jpg;75
2193_001 (91).jpg;45
2193_001 (92).jpg;55
2193_001 (93).jpg;40
2193_001 (94).jpg;75
2193_001 (95).jpg;40
2193_001 (96).jpg;77
2193_001 (97).jpg;90
2193_001 (98).jpg;70
2193_001 (99).jpg;70
2193_001 (100).jpg;50
2203_001 (1).jpg;30
2203_001 (2).jpg;50
2203_001 (3).jpg;20
2203_001 (4).jpg;60
2203_001 (5).jpg;50
2203_001 (6).jpg;5
2203_001 (7).jpg;2
2203_001 (8).jpg;25
2203_001 (9).jpg;5
2203_001 (10).jpg;10
2203_001 (11).jpg;30
2203_001 (12).jpg;30
2203_001 (13).jpg;20
2203_001 (14).jpg;25
2203_001 (15).jpg;5
2203_001 (16).jpg;25
2203_001 (17).jpg;3
2203_001 (18).jpg;0
2203_001 (19).jpg;0
2203_001 (20).jpg;0
2203_001 (21).jpg;65
2203_001 (22).jpg;60
2203_001 (23).jpg;50
2203_001 (24).jpg;15
2203_001 (25).jpg;20
2203_001 (26).jpg;3
2203_001 (27).jpg;1
2203_001 (28).jpg;0
2203_001 (29).jpg;0
2203_001 (30).jpg;2
2203_001 (31).jpg;30
2203_001 (32).jpg;70
2203_001 (33).jpg;25
2203_001 (34).jpg;10
2203_001 (35).jpg;5
2203_001 (36).jpg;1
2203_001 (37).jpg;0
2203_001 (38).jpg;0
2203_001 (39).jpg;1
2203_001 (40).jpg;8
2203_001 (41).jpg;0
2203_001 (42).jpg;15
2203_001 (43).jpg;0
2203_001 (44).jpg;20
2203_001 (45).jpg;30
2203_001 (46).jpg;0
2203_001 (47).jpg;3
2203_001 (48).jpg;1
2203_001 (49).jpg;5
2203_001 (50).jpg;15
2203_001 (51).jpg;0
2203_001 (52).jpg;10
2203_001 (53).jpg;6
2203_001 (54).jpg;10
2203_001 (55).jpg;0
2203_001 (56).jpg;1
2203_001 (57).jpg;10
2203_001 (58).jpg;2
2203_001 (59).jpg;8
2203_001 (60).jpg;10
2203_001 (61).jpg;5
2203_001 (62).jpg;20
2203_001 (63).jpg;10
2203_001 (64).jpg;2
2203_001 (65).jpg;2
2203_001 (66).jpg;6
2203_001 (67).jpg;4
2203_001 (68).jpg;0
2203_001 (69).jpg;0
2203_001 (70).jpg;35
2203_001 (71).jpg;15
2203_001 (72).jpg;25
2203_001 (73).jpg;10
2203_001 (74).jpg;45
2203_001 (75).jpg;25
2203_001 (76).jpg;5
2203_001 (77).jpg;0
2203_001 (78).jpg;5
2203_001 (79).jpg;10
2203_001 (80).jpg;60
2203_001 (81).jpg;20
2203_001 (82).jpg;50
2203_001 (83).jpg;35
2203_001 (84).jpg;10
2203_001 (85).jpg;30
2203_001 (86).jpg;15
2203_001 (87).jpg;2
2203_001 (88).jpg;10
2203_001 (89).jpg;8
2203_001 (90).jpg;30
2203_001 (91).jpg;15
2203_001 (92).jpg;40
2203_001 (93).jpg;10
2203_001 (94).jpg;0
2203_001 (95).jpg;8
2203_001 (96).jpg;5
2203_001 (97).jpg;20
2203_001 (98).jpg;14
2203_001 (99).jpg;3
2203_001 (100).jpg;10
2203_002 (1).jpg;15
2203_002 (2).jpg;10
2203_002 (3).jpg;25
2203_002 (4).jpg;8
2203_002 (5).jpg;15
2203_002 (6).jpg;10
2203_002 (7).jpg;8
2203_002 (8).jpg;10
2203_002 (9).jpg;10
2203_002 (10).jpg;0
2203_002 (11).jpg;25
2203_002 (12).jpg;35
2203_002 (13).jpg;30
2203_002 (14).jpg;5
2203_002 (15).jpg;5
2203_002 (16).jpg;20
2203_002 (17).jpg;2
2203_002 (18).jpg;1
2203_002 (19).jpg;2
2203_002 (20).jpg;2
2203_002 (21).jpg;1
2203_002 (22).jpg;23
2203_002 (23).jpg;3
2203_002 (24).jpg;10
2203_002 (25).jpg;0
2203_002 (26).jpg;2
2203_002 (27).jpg;3
2203_002 (28).jpg;5
2203_002 (29).jpg;5
2203_002 (30).jpg;15
2203_002 (31).jpg;0
2203_002 (32).jpg;8
2203_002 (33).jpg;6
2203_002 (34).jpg;2
2203_002 (35).jpg;0
2203_002 (36).jpg;3
2203_002 (37).jpg;2
2203_002 (38).jpg;5
2203_002 (39).jpg;10
2203_002 (40).jpg;25
2203_002 (41).jpg;6
2203_002 (42).jpg;5
2203_002 (43).jpg;10
2203_002 (44).jpg;1
2203_002 (45).jpg;0
2203_002 (46).jpg;4
2203_002 (47).jpg;5
2203_002 (48).jpg;5
2203_002 (49).jpg;25
2203_002 (50).jpg;8
2203_002 (51).jpg;4
2203_002 (52).jpg;5
2203_002 (53).jpg;5
2203_002 (54).jpg;5
2203_002 (55).jpg;0
2203_002 (56).jpg;5
2203_002 (57).jpg;8
2203_002 (58).jpg;2
2203_002 (59).jpg;15
2203_002 (60).jpg;5
2203_002 (61).jpg;1
2203_002 (62).jpg;20
2203_002 (63).jpg;20
2203_002 (64).jpg;12
2203_002 (65).jpg;5
2203_002 (66).jpg;2
2203_002 (67).jpg;2
2203_002 (68).jpg;2
2203_002 (69).jpg;10
2203_002 (70).jpg;10
2203_002 (71).jpg;5
2203_002 (72).jpg;5
2203_002 (73).jpg;25
2203_002 (74).jpg;10
2203_002 (75).jpg;15
2203_002 (76).jpg;0
2203_002 (77).jpg;0
2203_002 (78).jpg;8
2203_002 (79).jpg;15
2203_002 (80).jpg;35
2203_002 (81).jpg;25
2203_002 (82).jpg;15
2203_002 (83).jpg;10
2203_002 (84).jpg;5
2203_002 (85).jpg;5
2203_002 (86).jpg;1
2203_002 (87).jpg;0
2203_002 (88).jpg;25
2203_002 (89).jpg;70
2203_002 (90).jpg;15
2203_002 (91).jpg;8
2203_002 (92).jpg;10
2203_002 (93).jpg;5
2203_002 (94).jpg;10
2203_002 (95).jpg;3
2203_002 (96).jpg;1
2203_002 (97).jpg;2
2203_002 (98).jpg;30
2203_002 (99).jpg;15
2203_002 (100).jpg;15
2208_001 (1).jpg;70
2208_001 (2).jpg;65
2208_001 (3).jpg;85
2208_001 (4).jpg;80
2208_001 (5).jpg;68
2208_001 (6).jpg;50
2208_001 (7).jpg;50
2208_001 (8).jpg;50
2208_001 (9).jpg;80
2208_001 (10).jpg;75
2208_001 (11).jpg;65
2208_001 (12).jpg;95
2208_001 (13).jpg;90
2208_001 (14).jpg;75
2208_001 (15).jpg;70
2208_001 (16).jpg;45
2208_001 (17).jpg;40
2208_001 (18).jpg;40
2208_001 (19).jpg;50
2208_001 (20).jpg;50
2208_001 (21).jpg;40
2208_001 (22).jpg;60
2208_001 (23).jpg;75
2208_001 (24).jpg;80
2208_001 (25).jpg;90
2208_001 (26).jpg;80
2208_001 (27).jpg;25
2208_001 (28).jpg;50
2208_001 (29).jpg;70
2208_001 (30).jpg;80
2208_001 (31).jpg;70
2208_001 (32).jpg;60
2208_001 (33).jpg;70
2208_001 (34).jpg;50
2208_001 (35).jpg;85
2208_001 (36).jpg;60
2208_001 (37).jpg;60
2208_001 (38).jpg;65
2208_001 (39).jpg;30
2208_001 (40).jpg;65
2208_001 (41).jpg;95
2208_001 (42).jpg;55
2208_001 (43).jpg;70
2208_001 (44).jpg;50
2208_001 (45).jpg;90
2208_001 (46).jpg;75
2208_001 (47).jpg;70
2208_001 (48).jpg;60
2208_001 (49).jpg;35
2208_001 (50).jpg;55
2208_001 (51).jpg;90
2208_001 (52).jpg;85
2208_001 (53).jpg;85
2208_001 (54).jpg;85
2208_001 (55).jpg;80
2208_001 (56).jpg;75
2208_001 (57).jpg;45
2208_001 (58).jpg;70
2208_001 (59).jpg;85
2208_001 (60).jpg;50
2208_001 (61).jpg;50
2208_001 (62).jpg;60
2208_001 (63).jpg;80
2208_001 (64).jpg;80
2208_001 (65).jpg;75
2208_001 (66).jpg;75
2208_001 (67).jpg;60
2208_001 (68).jpg;75
2208_001 (69).jpg;70
2208_001 (70).jpg;60
2208_001 (71).jpg;50
2208_001 (72).jpg;60
2208_001 (73).jpg;70
2208_001 (74).jpg;77
2208_001 (75).jpg;75
2208_001 (76).jpg;75
2208_001 (77).jpg;60
2208_001 (78).jpg;70
2208_001 (79).jpg;75
2208_001 (80).jpg;85
2208_001 (81).jpg;80
2208_001 (82).jpg;75
2208_001 (83).jpg;75
2208_001 (84).jpg;55
2208_001 (85).jpg;60
2208_001 (86).jpg;90
2208_001 (87).jpg;70
2208_001 (88).jpg;55
2208_001 (89).jpg;70
2208_001 (90).jpg;85
2208_001 (91).jpg;90
2208_001 (92).jpg;85
2208_001 (93).jpg;95
2208_001 (94).jpg;90
2208_001 (95).jpg;70
2208_001 (96).jpg;55
2208_001 (97).jpg;80
2208_001 (98).jpg;60
2208_001 (99).jpg;75
2208_001 (100).jpg;90
2208_002 (1).jpg;86
2208_002 (2).jpg;70
2208_002 (3).jpg;98
2208_002 (4).jpg;65
2208_002 (5).jpg;60
2208_002 (6).jpg;55
2208_002 (7).jpg;80
2208_002 (8).jpg;60
2208_002 (9).jpg;55
2208_002 (10).jpg;78
2208_002 (11).jpg;75
2208_002 (12).jpg;50
2208_002 (13).jpg;80
2208_002 (14).jpg;90
2208_002 (15).jpg;55
2208_002 (16).jpg;70
2208_002 (17).jpg;68
2208_002 (18).jpg;90
2208_002 (19).jpg;70
2208_002 (20).jpg;30
2208_002 (21).jpg;98
2208_002 (22).jpg;85
2208_002 (23).jpg;80
2208_002 (24).jpg;40
2208_002 (25).jpg;80
2208_002 (26).jpg;92
2208_002 (27).jpg;85
2208_002 (28).jpg;60
2208_002 (29).jpg;85
2208_002 (30).jpg;85
2208_002 (31).jpg;85
2208_002 (32).jpg;80
2208_002 (33).jpg;75
2208_002 (34).jpg;80
2208_002 (35).jpg;45
2208_002 (36).jpg;75
2208_002 (37).jpg;80
2208_002 (38).jpg;85
2208_002 (39).jpg;70
2208_002 (40).jpg;90
2208_002 (41).jpg;85
2208_002 (42).jpg;80
2208_002 (43).jpg;60
2208_002 (44).jpg;90
2208_002 (45).jpg;40
2208_002 (46).jpg;80
2208_002 (47).jpg;95
2208_002 (48).jpg;85
2208_002 (49).jpg;35
2208_002 (50).jpg;70
2208_002 (51).jpg;75
2208_002 (52).jpg;80
2208_002 (53).jpg;78
2208_002 (54).jpg;86
2208_002 (55).jpg;78
2208_002 (56).jpg;85
2208_002 (57).jpg;50
2208_002 (58).jpg;70
2208_002 (59).jpg;85
2208_002 (60).jpg;75
2208_002 (61).jpg;65
2208_002 (62).jpg;65
2208_002 (63).jpg;92
2208_002 (64).jpg;85
2208_002 (65).jpg;92
2208_002 (66).jpg;75
2208_002 (67).jpg;85
2208_002 (68).jpg;50
2208_002 (69).jpg;80
2208_002 (70).jpg;80
2208_002 (71).jpg;50
2208_002 (72).jpg;50
2208_002 (73).jpg;96
2208_002 (74).jpg;90
2208_002 (75).jpg;85
2208_002 (76).jpg;80
2208_002 (77).jpg;95
2208_002 (78).jpg;92
2208_002 (79).jpg;55
2208_002 (80).jpg;90
2208_002 (81).jpg;45
2208_002 (82).jpg;96
2208_002 (83).jpg;96
2208_002 (84).jpg;75
2208_002 (85).jpg;50
2208_002 (86).jpg;65
2208_002 (87).jpg;90
2208_002 (88).jpg;85
2208_002 (89).jpg;60
2208_002 (90).jpg;65
2208_002 (91).jpg;65
2208_002 (92).jpg;75
2208_002 (93).jpg;95
2208_002 (94).jpg;85
2208_002 (95).jpg;60
2208_002 (96).jpg;70
2208_002 (97).jpg;30
2208_002 (98).jpg;80
2208_002 (99).jpg;70
2208_002 (100).jpg;55
2209_002 (1).jpg;45
2209_002 (2).jpg;60
2209_002 (3).jpg;65
2209_002 (4).jpg;80
2209_002 (5).jpg;60
2209_002 (6).jpg;45
2209_002 (7).jpg;25
2209_002 (8).jpg;8
2209_002 (9).jpg;7
2209_002 (10).jpg;20
2209_002 (11).jpg;30
2209_002 (12).jpg;50
2209_002 (13).jpg;80
2209_002 (14).jpg;60
2209_002 (15).jpg;50
2209_002 (16).jpg;40
2209_002 (17).jpg;8
2209_002 (18).jpg;20
2209_002 (19).jpg;55
2209_002 (20).jpg;35
2209_002 (21).jpg;65
2209_002 (22).jpg;70
2209_002 (23).jpg;85
2209_002 (24).jpg;70
2209_002 (25).jpg;60
2209_002 (26).jpg;70
2209_002 (27).jpg;15
2209_002 (28).jpg;20
2209_002 (29).jpg;65
2209_002 (30).jpg;55
2209_002 (31).jpg;50
2209_002 (32).jpg;70
2209_002 (33).jpg;45
2209_002 (34).jpg;70
2209_002 (35).jpg;70
2209_002 (36).jpg;45
2209_002 (37).jpg;25
2209_002 (38).jpg;14
2209_002 (39).jpg;30
2209_002 (40).jpg;25
2209_002 (41).jpg;35
2209_002 (42).jpg;45
2209_002 (43).jpg;40
2209_002 (44).jpg;75
2209_002 (45).jpg;65
2209_002 (46).jpg;15
2209_002 (47).jpg;2
2209_002 (48).jpg;25
2209_002 (49).jpg;4
2209_002 (50).jpg;18
2209_002 (51).jpg;70
2209_002 (52).jpg;40
2209_002 (53).jpg;50
2209_002 (54).jpg;60
2209_002 (55).jpg;70
2209_002 (56).jpg;30
2209_002 (57).jpg;20
2209_002 (58).jpg;30
2209_002 (59).jpg;8
2209_002 (60).jpg;10
2209_002 (61).jpg;55
2209_002 (62).jpg;60
2209_002 (63).jpg;40
2209_002 (64).jpg;65
2209_002 (65).jpg;55
2209_002 (66).jpg;6
2209_002 (67).jpg;15
2209_002 (68).jpg;50
2209_002 (69).jpg;50
2209_002 (70).jpg;58
2209_002 (71).jpg;25
2209_002 (72).jpg;45
2209_002 (73).jpg;55
2209_002 (74).jpg;35
2209_002 (75).jpg;20
2209_002 (76).jpg;25
2209_002 (77).jpg;20
2209_002 (78).jpg;82
2209_002 (79).jpg;82
2209_002 (80).jpg;22
2209_002 (81).jpg;10
2209_002 (82).jpg;8
2209_002 (83).jpg;30
2209_002 (84).jpg;8
2209_002 (85).jpg;8
2209_002 (86).jpg;15
2209_002 (87).jpg;15
2209_002 (88).jpg;35
2209_002 (89).jpg;55
2209_002 (90).jpg;80
2209_002 (91).jpg;15
2209_002 (92).jpg;8
2209_002 (93).jpg;4
2209_002 (94).jpg;2
2209_002 (95).jpg;10
2209_002 (96).jpg;10
2209_002 (97).jpg;20
2209_002 (98).jpg;45
2209_002 (99).jpg;45
2209_002 (100).jpg;90
2213_001 (1).jpg;25
2213_001 (2).jpg;18
2213_001 (3).jpg;65
2213_001 (4).jpg;100
2213_001 (5).jpg;96
2213_001 (6).jpg;100
2213_001 (7).jpg;100
2213_001 (8).jpg;100
2213_001 (9).jpg;96
2213_001 (10).jpg;96
2213_001 (11).jpg;20
2213_001 (12).jpg;88
2213_001 (13).jpg;100
2213_001 (14).jpg;100
2213_001 (15).jpg;98
2213_001 (16).jpg;100
2213_001 (17).jpg;98
2213_001 (18).jpg;100
2213_001 (19).jpg;98
2213_001 (20).jpg;98
2213_001 (21).jpg;20
2213_001 (22).jpg;100
2213_001 (23).jpg;100
2213_001 (24).jpg;98
2213_001 (25).jpg;100
2213_001 (26).jpg;98
2213_001 (27).jpg;96
2213_001 (28).jpg;100
2213_001 (29).jpg;100
2213_001 (30).jpg;98
2213_001 (31).jpg;40
2213_001 (32).jpg;85
2213_001 (33).jpg;100
2213_001 (34).jpg;100
2213_001 (35).jpg;100
2213_001 (36).jpg;98
2213_001 (37).jpg;95
2213_001 (38).jpg;96
2213_001 (39).jpg;100
2213_001 (40).jpg;98
2213_001 (41).jpg;5
2213_001 (42).jpg;70
2213_001 (43).jpg;95
2213_001 (44).jpg;100
2213_001 (45).jpg;95
2213_001 (46).jpg;87
2213_001 (47).jpg;90
2213_001 (48).jpg;95
2213_001 (49).jpg;96
2213_001 (50).jpg;98
2213_001 (51).jpg;0
2213_001 (52).jpg;25
2213_001 (53).jpg;50
2213_001 (54).jpg;45
2213_001 (55).jpg;9
2213_001 (56).jpg;10
2213_001 (57).jpg;80
2213_001 (58).jpg;90
2213_001 (59).jpg;96
2213_001 (60).jpg;100
2213_001 (61).jpg;4
2213_001 (62).jpg;0
2213_001 (63).jpg;10
2213_001 (64).jpg;1
2213_001 (65).jpg;0
2213_001 (66).jpg;0
2213_001 (67).jpg;25
2213_001 (68).jpg;70
2213_001 (69).jpg;90
2213_001 (70).jpg;90
2213_001 (71).jpg;0
2213_001 (72).jpg;5
2213_001 (73).jpg;0
2213_001 (74).jpg;3
2213_001 (75).jpg;2
2213_001 (76).jpg;3
2213_001 (77).jpg;0
2213_001 (78).jpg;12
2213_001 (79).jpg;75
2213_001 (80).jpg;95
2213_001 (81).jpg;0
2213_001 (82).jpg;8
2213_001 (83).jpg;25
2213_001 (84).jpg;14
2213_001 (85).jpg;0
2213_001 (86).jpg;0
2213_001 (87).jpg;0
2213_001 (88).jpg;45
2213_001 (89).jpg;90
2213_001 (90).jpg;100
2213_001 (91).jpg;40
2213_001 (92).jpg;82
2213_001 (93).jpg;90
2213_001 (94).jpg;85
2213_001 (95).jpg;4
2213_001 (96).jpg;0
2213_001 (97).jpg;3
2213_001 (98).jpg;48
2213_001 (99).jpg;100
2213_001 (100).jpg;100
2213_002 (1).jpg;85
2213_002 (2).jpg;90
2213_002 (3).jpg;95
2213_002 (4).jpg;93
2213_002 (5).jpg;55
2213_002 (6).jpg;8
2213_002 (7).jpg;10
2213_002 (8).jpg;35
2213_002 (9).jpg;98
2213_002 (10).jpg;95
2213_002 (11).jpg;95
2213_002 (12).jpg;85
2213_002 (13).jpg;100
2213_002 (14).jpg;100
2213_002 (15).jpg;45
2213_002 (16).jpg;0
2213_002 (17).jpg;5
2213_002 (18).jpg;30
2213_002 (19).jpg;100
2213_002 (20).jpg;98
2213_002 (21).jpg;100
2213_002 (22).jpg;100
2213_002 (23).jpg;90
2213_002 (24).jpg;100
2213_002 (25).jpg;28
2213_002 (26).jpg;0
2213_002 (27).jpg;4
2213_002 (28).jpg;25
2213_002 (29).jpg;90
2213_002 (30).jpg;95
2213_002 (31).jpg;100
2213_002 (32).jpg;100
2213_002 (33).jpg;95
2213_002 (34).jpg;100
2213_002 (35).jpg;40
2213_002 (36).jpg;0
2213_002 (37).jpg;0
2213_002 (38).jpg;28
2213_002 (39).jpg;95
2213_002 (40).jpg;100
2213_002 (41).jpg;95
2213_002 (42).jpg;95
2213_002 (43).jpg;100
2213_002 (44).jpg;95
2213_002 (45).jpg;10
2213_002 (46).jpg;4
2213_002 (47).jpg;8
2213_002 (48).jpg;90
2213_002 (49).jpg;95
2213_002 (50).jpg;95
2213_002 (51).jpg;75
2213_002 (52).jpg;95
2213_002 (53).jpg;95
2213_002 (54).jpg;90
2213_002 (55).jpg;8
2213_002 (56).jpg;0
2213_002 (57).jpg;15
2213_002 (58).jpg;100
2213_002 (59).jpg;96
2213_002 (60).jpg;95
2213_002 (61).jpg;80
2213_002 (62).jpg;95
2213_002 (63).jpg;95
2213_002 (64).jpg;85
2213_002 (65).jpg;8
2213_002 (66).jpg;5
2213_002 (67).jpg;40
2213_002 (68).jpg;95
2213_002 (69).jpg;99
2213_002 (70).jpg;95
2213_002 (71).jpg;100
2213_002 (72).jpg;100
2213_002 (73).jpg;100
2213_002 (74).jpg;100
2213_002 (75).jpg;65
2213_002 (76).jpg;90
2213_002 (77).jpg;92
2213_002 (78).jpg;100
2213_002 (79).jpg;98
2213_002 (80).jpg;95
2213_002 (81).jpg;98
2213_002 (82).jpg;98
2213_002 (83).jpg;100
2213_002 (84).jpg;100
2213_002 (85).jpg;85
2213_002 (86).jpg;90
2213_002 (87).jpg;100
2213_002 (88).jpg;100
2213_002 (89).jpg;98
2213_002 (90).jpg;94
2213_002 (91).jpg;95
2213_002 (92).jpg;100
2213_002 (93).jpg;100
2213_002 (94).jpg;100
2213_002 (95).jpg;100
2213_002 (96).jpg;95
2213_002 (97).jpg;100
2213_002 (98).jpg;100
2213_002 (99).jpg;100
2213_002 (100).jpg;100
2214_001 (1).jpg;10
2214_001 (2).jpg;8
2214_001 (3).jpg;2
2214_001 (4).jpg;15
2214_001 (5).jpg;10
2214_001 (6).jpg;40
2214_001 (7).jpg;50
2214_001 (8).jpg;0
2214_001 (9).jpg;15
2214_001 (10).jpg;6
2214_001 (11).jpg;2
2214_001 (12).jpg;0
2214_001 (13).jpg;3
2214_001 (14).jpg;4
2214_001 (15).jpg;2
2214_001 (16).jpg;17
2214_001 (17).jpg;3
2214_001 (18).jpg;2
2214_001 (19).jpg;2
2214_001 (20).jpg;0
2214_001 (21).jpg;0
2214_001 (22).jpg;2
2214_001 (23).jpg;0
2214_001 (24).jpg;0
2214_001 (25).jpg;4
2214_001 (26).jpg;2
2214_001 (27).jpg;0
2214_001 (28).jpg;2
2214_001 (29).jpg;2
2214_001 (30).jpg;0
2214_001 (31).jpg;2
2214_001 (32).jpg;0
2214_001 (33).jpg;2
2214_001 (34).jpg;0
2214_001 (35).jpg;1
2214_001 (36).jpg;10
2214_001 (37).jpg;1
2214_001 (38).jpg;2
2214_001 (39).jpg;8
2214_001 (40).jpg;0
2214_001 (41).jpg;0
2214_001 (42).jpg;1
2214_001 (43).jpg;1
2214_001 (44).jpg;0
2214_001 (45).jpg;0
2214_001 (46).jpg;30
2214_001 (47).jpg;25
2214_001 (48).jpg;15
2214_001 (49).jpg;5
2214_001 (50).jpg;35
2214_001 (51).jpg;0
2214_001 (52).jpg;4
2214_001 (53).jpg;0
2214_001 (54).jpg;2
2214_001 (55).jpg;12
2214_001 (56).jpg;35
2214_001 (57).jpg;60
2214_001 (58).jpg;50
2214_001 (59).jpg;8
2214_001 (60).jpg;15
2214_001 (61).jpg;0
2214_001 (62).jpg;0
2214_001 (63).jpg;3
2214_001 (64).jpg;5
2214_001 (65).jpg;25
2214_001 (66).jpg;45
2214_001 (67).jpg;80
2214_001 (68).jpg;55
2214_001 (69).jpg;20
2214_001 (70).jpg;20
2214_001 (71).jpg;2
2214_001 (72).jpg;1
2214_001 (73).jpg;15
2214_001 (74).jpg;20
2214_001 (75).jpg;20
2214_001 (76).jpg;50
2214_001 (77).jpg;82
2214_001 (78).jpg;45
2214_001 (79).jpg;45
2214_001 (80).jpg;35
2214_001 (81).jpg;5
2214_001 (82).jpg;0
2214_001 (83).jpg;5
2214_001 (84).jpg;17
2214_001 (85).jpg;10
2214_001 (86).jpg;50
2214_001 (87).jpg;65
2214_001 (88).jpg;20
2214_001 (89).jpg;6
2214_001 (90).jpg;10
2214_001 (91).jpg;20
2214_001 (92).jpg;65
2214_001 (93).jpg;65
2214_001 (94).jpg;50
2214_001 (95).jpg;10
2214_001 (96).jpg;70
2214_001 (97).jpg;40
2214_001 (98).jpg;30
2214_001 (99).jpg;30
2214_001 (100).jpg;15
2214_002 (1).jpg;3
2214_002 (2).jpg;55
2214_002 (3).jpg;65
2214_002 (4).jpg;55
2214_002 (5).jpg;27
2214_002 (6).jpg;50
2214_002 (7).jpg;28
2214_002 (8).jpg;35
2214_002 (9).jpg;50
2214_002 (10).jpg;16
2214_002 (11).jpg;0
2214_002 (12).jpg;20
2214_002 (13).jpg;70
2214_002 (14).jpg;38
2214_002 (15).jpg;55
2214_002 (16).jpg;40
2214_002 (17).jpg;40
2214_002 (18).jpg;30
2214_002 (19).jpg;45
2214_002 (20).jpg;13
2214_002 (21).jpg;23
2214_002 (22).jpg;22
2214_002 (23).jpg;83
2214_002 (24).jpg;60
2214_002 (25).jpg;60
2214_002 (26).jpg;70
2214_002 (27).jpg;55
2214_002 (28).jpg;40
2214_002 (29).jpg;15
2214_002 (30).jpg;4
2214_002 (31).jpg;47
2214_002 (32).jpg;25
2214_002 (33).jpg;55
2214_002 (34).jpg;85
2214_002 (35).jpg;55
2214_002 (36).jpg;80
2214_002 (37).jpg;60
2214_002 (38).jpg;22
2214_002 (39).jpg;13
2214_002 (40).jpg;10
2214_002 (41).jpg;35
2214_002 (42).jpg;0
2214_002 (43).jpg;45
2214_002 (44).jpg;95
2214_002 (45).jpg;75
2214_002 (46).jpg;20
2214_002 (47).jpg;10
2214_002 (48).jpg;3
2214_002 (49).jpg;0
2214_002 (50).jpg;5
2214_002 (51).jpg;50
2214_002 (52).jpg;6
2214_002 (53).jpg;60
2214_002 (54).jpg;92
2214_002 (55).jpg;70
2214_002 (56).jpg;8
2214_002 (57).jpg;6
2214_002 (58).jpg;6
2214_002 (59).jpg;0
2214_002 (60).jpg;1
2214_002 (61).jpg;40
2214_002 (62).jpg;20
2214_002 (63).jpg;47
2214_002 (64).jpg;75
2214_002 (65).jpg;30
2214_002 (66).jpg;2
2214_002 (67).jpg;0
2214_002 (68).jpg;4
2214_002 (69).jpg;13
2214_002 (70).jpg;0
2214_002 (71).jpg;60
2214_002 (72).jpg;2
2214_002 (73).jpg;5
2214_002 (74).jpg;65
2214_002 (75).jpg;8
2214_002 (76).jpg;2
2214_002 (77).jpg;1
2214_002 (78).jpg;3
2214_002 (79).jpg;10
2214_002 (80).jpg;0
2214_002 (81).jpg;22
2214_002 (82).jpg;20
2214_002 (83).jpg;0
2214_002 (84).jpg;10
2214_002 (85).jpg;8
2214_002 (86).jpg;0
2214_002 (87).jpg;5
2214_002 (88).jpg;2
2214_002 (89).jpg;2
2214_002 (90).jpg;13
2214_002 (91).jpg;46
2214_002 (92).jpg;8
2214_002 (93).jpg;0
2214_002 (94).jpg;1
2214_002 (95).jpg;5
2214_002 (96).jpg;2
2214_002 (97).jpg;5
2214_002 (98).jpg;3
2214_002 (99).jpg;40
2214_002 (100).jpg;60
2215_001 (1).jpg;96
2215_001 (2).jpg;85
2215_001 (3).jpg;70
2215_001 (4).jpg;55
2215_001 (5).jpg;70
2215_001 (6).jpg;65
2215_001 (7).jpg;30
2215_001 (8).jpg;30
2215_001 (9).jpg;50
2215_001 (10).jpg;45
2215_001 (11).jpg;100
2215_001 (12).jpg;92
2215_001 (13).jpg;53
2215_001 (14).jpg;48
2215_001 (15).jpg;45
2215_001 (16).jpg;40
2215_001 (17).jpg;35
2215_001 (18).jpg;35
2215_001 (19).jpg;50
2215_001 (20).jpg;20
2215_001 (21).jpg;96
2215_001 (22).jpg;90
2215_001 (23).jpg;55
2215_001 (24).jpg;35
2215_001 (25).jpg;45
2215_001 (26).jpg;50
2215_001 (27).jpg;35
2215_001 (28).jpg;40
2215_001 (29).jpg;45
2215_001 (30).jpg;25
2215_001 (31).jpg;96
2215_001 (32).jpg;65
2215_001 (33).jpg;20
2215_001 (34).jpg;40
2215_001 (35).jpg;40
2215_001 (36).jpg;30
2215_001 (37).jpg;40
2215_001 (38).jpg;30
2215_001 (39).jpg;30
2215_001 (40).jpg;35
2215_001 (41).jpg;94
2215_001 (42).jpg;55
2215_001 (43).jpg;25
2215_001 (44).jpg;35
2215_001 (45).jpg;10
2215_001 (46).jpg;10
2215_001 (47).jpg;35
2215_001 (48).jpg;45
2215_001 (49).jpg;35
2215_001 (50).jpg;20
2215_001 (51).jpg;90
2215_001 (52).jpg;75
2215_001 (53).jpg;40
2215_001 (54).jpg;50
2215_001 (55).jpg;20
2215_001 (56).jpg;30
2215_001 (57).jpg;55
2215_001 (58).jpg;50
2215_001 (59).jpg;30
2215_001 (60).jpg;40
2215_001 (61).jpg;90
2215_001 (62).jpg;65
2215_001 (63).jpg;60
2215_001 (64).jpg;30
2215_001 (65).jpg;25
2215_001 (66).jpg;40
2215_001 (67).jpg;55
2215_001 (68).jpg;30
2215_001 (69).jpg;45
2215_001 (70).jpg;35
2215_001 (71).jpg;82
2215_001 (72).jpg;60
2215_001 (73).jpg;45
2215_001 (74).jpg;15
2215_001 (75).jpg;55
2215_001 (76).jpg;45
2215_001 (77).jpg;50
2215_001 (78).jpg;20
2215_001 (79).jpg;35
2215_001 (80).jpg;30
2215_001 (81).jpg;89
2215_001 (82).jpg;60
2215_001 (83).jpg;45
2215_001 (84).jpg;50
2215_001 (85).jpg;65
2215_001 (86).jpg;55
2215_001 (87).jpg;45
2215_001 (88).jpg;30
2215_001 (89).jpg;40
2215_001 (90).jpg;15
2215_001 (91).jpg;92
2215_001 (92).jpg;80
2215_001 (93).jpg;30
2215_001 (94).jpg;40
2215_001 (95).jpg;70
2215_001 (96).jpg;30
2215_001 (97).jpg;40
2215_001 (98).jpg;40
2215_001 (99).jpg;30
2215_001 (100).jpg;20
2215_002 (1).jpg;98
2215_002 (2).jpg;92
2215_002 (3).jpg;50
2215_002 (4).jpg;50
2215_002 (5).jpg;45
2215_002 (6).jpg;45
2215_002 (7).jpg;35
2215_002 (8).jpg;35
2215_002 (9).jpg;60
2215_002 (10).jpg;20
2215_002 (11).jpg;95
2215_002 (12).jpg;75
2215_002 (13).jpg;75
2215_002 (14).jpg;55
2215_002 (15).jpg;35
2215_002 (16).jpg;40
2215_002 (17).jpg;45
2215_002 (18).jpg;60
2215_002 (19).jpg;70
2215_002 (20).jpg;25
2215_002 (21).jpg;98
2215_002 (22).jpg;75
2215_002 (23).jpg;60
2215_002 (24).jpg;20
2215_002 (25).jpg;30
2215_002 (26).jpg;15
2215_002 (27).jpg;30
2215_002 (28).jpg;70
2215_002 (29).jpg;45
2215_002 (30).jpg;10
2215_002 (31).jpg;95
2215_002 (32).jpg;80
2215_002 (33).jpg;50
2215_002 (34).jpg;20
2215_002 (35).jpg;25
2215_002 (36).jpg;40
2215_002 (37).jpg;0
2215_002 (38).jpg;30
2215_002 (39).jpg;25
2215_002 (40).jpg;17
2215_002 (41).jpg;95
2215_002 (42).jpg;75
2215_002 (43).jpg;60
2215_002 (44).jpg;35
2215_002 (45).jpg;7
2215_002 (46).jpg;20
2215_002 (47).jpg;0
2215_002 (48).jpg;3
2215_002 (49).jpg;18
2215_002 (50).jpg;20
2215_002 (51).jpg;45
2215_002 (52).jpg;75
2215_002 (53).jpg;55
2215_002 (54).jpg;20
2215_002 (55).jpg;0
2215_002 (56).jpg;0
2215_002 (57).jpg;0
2215_002 (58).jpg;1
2215_002 (59).jpg;2
2215_002 (60).jpg;0
2215_002 (61).jpg;35
2215_002 (62).jpg;60
2215_002 (63).jpg;20
2215_002 (64).jpg;6
2215_002 (65).jpg;2
2215_002 (66).jpg;2
2215_002 (67).jpg;0
2215_002 (68).jpg;0
2215_002 (69).jpg;0
2215_002 (70).jpg;0
2215_002 (71).jpg;60
2215_002 (72).jpg;50
2215_002 (73).jpg;40
2215_002 (74).jpg;35
2215_002 (75).jpg;12
2215_002 (76).jpg;2
2215_002 (77).jpg;0
2215_002 (78).jpg;0
2215_002 (79).jpg;0
2215_002 (80).jpg;0
2215_002 (81).jpg;50
2215_002 (82).jpg;50
2215_002 (83).jpg;60
2215_002 (84).jpg;40
2215_002 (85).jpg;25
2215_002 (86).jpg;5
2215_002 (87).jpg;3
2215_002 (88).jpg;0
2215_002 (89).jpg;0
2215_002 (90).jpg;0
2215_002 (91).jpg;85
2215_002 (92).jpg;90
2215_002 (93).jpg;35
2215_002 (94).jpg;25
2215_002 (95).jpg;4
2215_002 (96).jpg;2
2215_002 (97).jpg;3
2215_002 (98).jpg;3
2215_002 (99).jpg;0
2215_002 (100).jpg;0
101_102 (1).jpg;100
101_102 (2).jpg;100
101_102 (3).jpg;100
101_102 (4).jpg;100
101_102 (5).jpg;100
101_102 (6).jpg;100
101_102 (7).jpg;100
101_102 (8).jpg;100
101_102 (9).jpg;100
101_102 (10).jpg;100
101_102 (11).jpg;100
101_102 (12).jpg;100
101_102 (13).jpg;100
101_102 (14).jpg;100
101_102 (15).jpg;100
101_102 (16).jpg;100
101_102 (17).jpg;100
101_102 (18).jpg;100
101_102 (19).jpg;100
101_102 (20).jpg;100
101_102 (21).jpg;100
101_102 (22).jpg;100
101_102 (23).jpg;100
101_102 (24).jpg;100
101_102 (25).jpg;100
101_102 (26).jpg;100
101_102 (27).jpg;100
101_102 (28).jpg;100
101_102 (29).jpg;100
101_102 (30).jpg;100
101_102 (31).jpg;100
101_102 (32).jpg;100
101_102 (33).jpg;100
101_102 (34).jpg;100
101_102 (35).jpg;100
101_102 (36).jpg;100
101_102 (37).jpg;100
101_102 (38).jpg;100
101_102 (39).jpg;100
101_102 (40).jpg;100
101_102 (41).jpg;100
101_102 (42).jpg;100
101_102 (43).jpg;100
101_102 (44).jpg;100
101_102 (45).jpg;100
101_102 (46).jpg;100
101_102 (47).jpg;100
101_102 (48).jpg;100
101_102 (49).jpg;100
101_102 (50).jpg;100
101_102 (51).jpg;100
101_102 (52).jpg;100
101_102 (53).jpg;100
101_102 (54).jpg;100
101_102 (55).jpg;100
101_102 (56).jpg;100
101_102 (57).jpg;100
101_102 (58).jpg;100
101_102 (59).jpg;100
101_102 (60).jpg;100
101_102 (61).jpg;100
101_102 (62).jpg;100
101_102 (63).jpg;100
101_102 (64).jpg;100
101_102 (65).jpg;100
101_102 (66).jpg;100
101_102 (67).jpg;100
101_102 (68).jpg;100
101_102 (69).jpg;100
101_102 (70).jpg;100
101_102 (71).jpg;100
101_102 (72).jpg;100
101_102 (73).jpg;100
101_102 (74).jpg;100
101_102 (75).jpg;100
101_102 (76).jpg;100
101_102 (77).jpg;100
101_102 (78).jpg;100
101_102 (79).jpg;100
101_102 (80).jpg;100
101_102 (81).jpg;100
101_102 (82).jpg;100
101_102 (83).jpg;100
101_102 (84).jpg;100
101_102 (85).jpg;100
101_102 (86).jpg;100
101_102 (87).jpg;100
101_102 (88).jpg;100
101_102 (89).jpg;100
101_102 (90).jpg;100
101_102 (91).jpg;100
101_102 (92).jpg;100
101_102 (93).jpg;100
101_102 (94).jpg;100
101_102 (95).jpg;100
101_102 (96).jpg;100
101_102 (97).jpg;100
101_102 (98).jpg;100
101_102 (99).jpg;100
101_102 (100).jpg;100
102_102 (1).jpg;0
102_102 (2).jpg;0
102_102 (3).jpg;0
102_102 (4).jpg;0
102_102 (5).jpg;0
102_102 (6).jpg;0
102_102 (7).jpg;0
102_102 (8).jpg;0
102_102 (9).jpg;0
102_102 (10).jpg;0
102_102 (11).jpg;0
102_102 (12).jpg;0
102_102 (13).jpg;0
102_102 (14).jpg;0
102_102 (15).jpg;0
102_102 (16).jpg;0
102_102 (17).jpg;0
102_102 (18).jpg;0
102_102 (19).jpg;0
102_102 (20).jpg;0
102_102 (21).jpg;0
102_102 (22).jpg;0
102_102 (23).jpg;0
102_102 (24).jpg;0
102_102 (25).jpg;0
102_102 (26).jpg;0
102_102 (27).jpg;0
102_102 (28).jpg;0
102_102 (29).jpg;0
102_102 (30).jpg;0
102_102 (31).jpg;0
102_102 (32).jpg;0
102_102 (33).jpg;0
102_102 (34).jpg;0
102_102 (35).jpg;0
102_102 (36).jpg;0
102_102 (37).jpg;0
102_102 (38).jpg;0
102_102 (39).jpg;0
102_102 (40).jpg;0
102_102 (41).jpg;0
102_102 (42).jpg;0
102_102 (43).jpg;0
102_102 (44).jpg;0
102_102 (45).jpg;0
102_102 (46).jpg;0
102_102 (47).jpg;0
102_102 (48).jpg;0
102_102 (49).jpg;0
102_102 (50).jpg;0
102_102 (51).jpg;0
102_102 (52).jpg;0
102_102 (53).jpg;0
102_102 (54).jpg;0
102_102 (55).jpg;0
102_102 (56).jpg;0
102_102 (57).jpg;0
102_102 (58).jpg;0
102_102 (59).jpg;0
102_102 (60).jpg;0
102_102 (61).jpg;0
102_102 (62).jpg;0
102_102 (63).jpg;0
102_102 (64).jpg;0
102_102 (65).jpg;0
102_102 (66).jpg;0
102_102 (67).jpg;0
102_102 (68).jpg;0
102_102 (69).jpg;0
102_102 (70).jpg;0
102_102 (71).jpg;0
102_102 (72).jpg;0
102_102 (73).jpg;0
102_102 (74).jpg;0
102_102 (75).jpg;0
102_102 (76).jpg;0
102_102 (77).jpg;0
102_102 (78).jpg;0
102_102 (79).jpg;0
102_102 (80).jpg;0
102_102 (81).jpg;0
102_102 (82).jpg;0
102_102 (83).jpg;0
102_102 (84).jpg;0
102_102 (85).jpg;0
102_102 (86).jpg;0
102_102 (87).jpg;0
102_102 (88).jpg;0
102_102 (89).jpg;0
102_102 (90).jpg;0
102_102 (91).jpg;0
102_102 (92).jpg;0
102_102 (93).jpg;0
102_102 (94).jpg;0
102_102 (95).jpg;0
102_102 (96).jpg;0
102_102 (97).jpg;0
102_102 (98).jpg;0
102_102 (99).jpg;0
102_102 (100).jpg;0
